{
  "model_name": "PE-Core-T16-384",
  "pytorch_version": "2.8.0",
  "timestamp": "2025-08-15T12:16:57.826046",
  "performance_results": {
    "torch_cpu": {
      "mean_ms": 115.3643626079429,
      "std_ms": 10.781237538230261,
      "min_ms": 103.21587498765439,
      "max_ms": 138.91816703835502,
      "p50_ms": 112.33906249981374,
      "p90_ms": 126.79629198973998,
      "p99_ms": 137.70597953349352
    },
    "torch_mps": {
      "mean_ms": 35.01480830600485,
      "std_ms": 1.4645005787668797,
      "min_ms": 32.30770799564198,
      "max_ms": 37.00170898810029,
      "p50_ms": 35.557437513489276,
      "p90_ms": 36.41430778079666,
      "p99_ms": 36.94296886736993
    }
  },
  "system_info": {
    "mps_available": true,
    "device_used": "mps"
  }
}